Order,Stn,Block,Grid,Date,Surveyors,Sampled,Y0Count,Y0Weight,Y1Count,Y1Weight,Y2Count,Y2Weight,Y3Count,Y3Weight,twenty,Substrata,Media,NGR,Easting,Northing
1,CA1,Caldy,150m,15/04/2021,VS_GD,Y,0,0,34,130,0,0,0,0,0,muddy_sand,3,SJ2108083220,-3.186747,53.339971
2,CA2,Caldy,150m,15/04/2021,VS_GD,Y,0,0,0,0,1,9,0,0,0,fine_sand,4,SJ2123083220,-3.184495,53.339993
3,CA3,Caldy,150m,15/04/2021,VS_GD,Y,0,0,14,73,0,0,0,0,0,fine_sand,4,SJ2138083220,-3.182242,53.340015
4,CA4,Caldy,150m,15/04/2021,VS_GD,Y,0,0,10,37,12,135,0,0,231,muddy_sand,3,SJ2108083370,-3.186785,53.341319
5,CA5,Caldy,150m,15/04/2021,VS_GD,Y,0,0,33,146,4,33,1,9,38,fine_sand,4,SJ2138083370,-3.182280,53.341363
6,CA6,Caldy,150m,15/04/2021,VS_GD,Y,0,0,84,285,0,0,0,0,0,muddy_sand,3,SJ2153083370,-3.180027,53.341386
7,CA7,Caldy,150m,15/04/2021,RD_ST,Y,0,0,24,90,7,68,0,0,68,muddy_sand,3,SJ2168083370,-3.177775,53.341408
8,CA8,Caldy,150m,15/04/2021,RD_ST,Y,0,0,28,112,3,13,0,0,0,fine_sand,4,SJ2183083370,-3.175523,53.341430
9,CA9,Caldy,150m,15/04/2021,VS_GD,Y,0,0,29,91,0,0,0,0,0,muddy_sand,3,SJ2198083370,-3.173270,53.341452
10,CA10,Caldy,150m,15/04/2021,VS_GD,Y,0,0,113,343,1,7,0,0,0,mud,2,SJ2213083370,-3.171018,53.341475
11,CA11,Caldy,150m,15/04/2021,VS_GD,Y,0,0,0,0,0,0,0,0,0,sand,5,SJ2093083520,-3.189074,53.342644
12,CA12,Caldy,150m,15/04/2021,VS_GD,Y,0,0,38,244,45,520,1,10,491,fine_sand,4,SJ2108083520,-3.186822,53.342667
13,CA13,Caldy,150m,15/04/2021,VS_GD,Y,0,0,20,125,23,243,0,0,220,fine_sand,4,SJ2123083520,-3.184570,53.342689
14,CA14,Caldy,150m,15/04/2021,VS_GD,Y,0,0,0,0,1,6,5,62,62,mud,2,SJ2138083520,-3.182317,53.342711
15,CA15,Caldy,150m,15/04/2021,VS_GD,Y,0,0,171,602,0,0,0,0,0,muddy_sand,3,SJ2153083520,-3.180065,53.342734
16,CA16,Caldy,150m,15/04/2021,VS_GD,Y,0,0,66,317,0,0,0,0,0,mud,2,SJ2168083520,-3.177812,53.342756
17,CA17,Caldy,150m,15/04/2021,AP_TE,Y,0,0,77,393,35,349,0,0,335,mud,2,SJ2108083670,-3.186859,53.344015
18,CA18,Caldy,150m,15/04/2021,AP_TE,Y,0,0,120,523,28,297,1,19,245,mud,2,SJ2123083670,-3.184607,53.344037
19,CA19,Caldy,150m,15/04/2021,AP_TE,Y,0,0,14,57,1,7,0,0,0,mud,2,SJ2138083670,-3.182354,53.344059
20,CA20,Caldy,150m,15/04/2021,AP_TE,Y,0,0,14,55,10,68,2,20,20,mud,2,SJ2153083670,-3.180102,53.344082
21,CA21,Caldy,150m,15/04/2021,AP_TE,Y,0,0,2,7,2,11,1,17,17,mud,2,SJ2168083670,-3.177849,53.344104
22,CA22,Caldy,150m,15/04/2021,AP_TE,Y,0,0,0,0,0,0,0,0,0,sand,5,SJ2183083670,-3.175597,53.344126
23,CA23,Caldy,150m,15/04/2021,AP_TE,Y,0,0,161,663,8,69,2,23,59,mud,2,SJ2123083820,-3.184644,53.345385
24,CA24,Caldy,150m,15/04/2021,AP_TE,Y,0,0,88,345,0,0,0,0,0,mud,2,SJ2138083820,-3.182392,53.345407
25,CA25,Caldy,150m,15/04/2021,AP_TE,Y,0,0,5,13,3,11,0,0,0,mud,2,SJ2153083820,-3.180139,53.345430
26,CA26,Caldy,150m,15/04/2021,AP_TE,Y,0,0,82,336,9,83,0,0,74,mud,2,SJ2168083820,-3.177886,53.345452
27,CA27,Caldy,150m,15/04/2021,AP_TE,Y,0,0,2,8,2,13,0,0,0,mud,2,SJ2183083820,-3.175634,53.345474
28,CA28,Caldy,150m,15/04/2021,AP_TE,Y,0,0,88,294,21,152,0,0,75,mud,2,SJ2198083820,-3.173381,53.345496
29,CA29,Caldy,150m,15/04/2021,AP_TE,Y,0,0,32,121,0,0,0,0,0,mud,2,SJ2213083820,-3.171129,53.345519
30,CA30,Caldy,150m,15/04/2021,RD_ST,Y,0,0,4,18,2,29,0,0,29,sand,5,SJ2108083969,-3.186934,53.346711
31,CA31,Caldy,150m,15/04/2021,RD_ST,Y,0,0,144,568,12,91,1,10,56,sand,5,SJ2123083969,-3.184682,53.346733
32,CA32,Caldy,150m,15/04/2021,RD_ST,Y,0,0,183,734,22,212,0,0,147,muddy_sand,3,SJ2138083969,-3.182429,53.346756
33,CA33,Caldy,150m,15/04/2021,RD_ST,Y,0,0,173,644,1,9,0,0,25,muddy_sand,3,SJ2153083969,-3.180176,53.346778
34,CA34,Caldy,150m,15/04/2021,RD_ST,Y,0,0,225,703,4,33,0,0,20,muddy_sand,3,SJ2168083969,-3.177924,53.346800
35,CA35,Caldy,150m,15/04/2021,RD_ST,Y,0,0,276,820,2,14,0,0,7,muddy_sand,3,SJ2183083969,-3.175671,53.346822
36,CA36,Caldy,150m,15/04/2021,RD_ST,Y,0,0,188,477,2,9,0,0,0,muddy_sand,3,SJ2198083969,-3.173418,53.346844
37,CA37,Caldy,150m,15/04/2021,RD_ST,Y,0,0,11,31,30,0,0,0,0,muddy_sand,3,SJ2213083969,-3.171166,53.346867
38,CA38,Caldy,150m,15/04/2021,RD_ST,Y,0,0,82,433,22,246,1,10,213,mud,2,SJ2108084120,-3.186972,53.348059
39,CA39,Caldy,150m,15/04/2021,RD_ST,Y,0,0,25,133,7,85,0,0,85,sand,5,SJ2123084120,-3.184719,53.348081
40,CA40,Caldy,150m,15/04/2021,RD_ST,Y,0,0,40,179,4,39,0,0,34,sand,5,SJ2138084120,-3.182466,53.348104
41,CA41,Caldy,150m,15/04/2021,RD_ST,Y,0,0,79,342,2,21,0,0,21,muddy_sand,3,SJ2153084120,-3.180214,53.348126
42,CA42,Caldy,150m,15/04/2021,RD_ST,Y,0,0,91,366,2,19,0,0,12,muddy_sand,3,SJ2168084120,-3.177961,53.348148
43,CA43,Caldy,150m,15/04/2021,RD_ST,Y,0,0,67,243,0,0,0,0,0,muddy_sand,3,SJ2183084120,-3.175708,53.348170
44,CA44,Caldy,150m,15/04/2021,RD_ST,Y,0,0,5,32,0,0,0,0,0,muddy_sand,3,SJ2198084120,-3.173455,53.348192
45,CA45,Caldy,150m,15/04/2021,RD_ST,Y,0,0,98,618,2,9,0,0,27,mud,2,SJ2138084270,-3.182504,53.349452
46,CA46,Caldy,150m,15/04/2021,RD_ST,Y,0,0,62,187,9,38,0,0,16,muddy_sand,3,SJ2153084270,-3.180251,53.349474
47,CA47,Caldy,150m,15/04/2021,RD_ST,Y,0,0,185,701,0,0,0,0,0,muddy_sand,3,SJ2168084270,-3.177998,53.349496
48,CA48,Caldy,150m,15/04/2021,RD_ST,Y,0,0,6,17,3,27,0,0,20,muddy_sand,3,SJ2183084270,-3.175745,53.349518
49,CA49,Caldy,150m,15/04/2021,RD_ST,Y,0,0,114,636,1,7,0,0,25,sand,5,SJ2153084420,-3.180288,53.350822
50,CA50,Caldy,150m,15/04/2021,RD_ST,Y,0,0,23,137,0,0,0,0,0,sand,5,SJ2168084420,-3.178035,53.350844
51,MO1,Mostyn,150m,14/04/2021,VS_GD,Y,0,0,3,5,3,12,0,0,0,mud,2,SJ1446382276,-3.285844,53.330464
52,MO2,Mostyn,150m,14/04/2021,AP_TE,Y,0,0,11,20,0,0,0,0,0,mud,2,SJ1446382426,-3.285885,53.331812
53,MO3,Mostyn,150m,14/04/2021,VS_GD,Y,0,0,9,3,1,2,0,0,0,mud,2,SJ1461382426,-3.283633,53.331836
54,MO4,Mostyn,150m,14/04/2021,AP_TE,Y,0,0,4,7,3,18,0,0,0,mud,2,SJ1446382576,-3.285925,53.333160
55,MO5,Mostyn,150m,14/04/2021,AP_TE,Y,0,0,12,25,5,36,0,0,9,mud,2,SJ1461382576,-3.283673,53.333184
56,MO6,Mostyn,150m,14/04/2021,AP_TE,Y,0,0,21,41,5,28,0,0,0,mud,2,SJ1476382576,-3.281422,53.333208
57,MO7,Mostyn,150m,14/04/2021,AP_TE,Y,0,0,16,30,8,53,0,0,24,mud,2,SJ1446382726,-3.285966,53.334508
58,MO8,Mostyn,150m,14/04/2021,AP_TE,Y,0,0,6,9,2,15,0,0,0,mud,2,SJ1461382726,-3.283714,53.334532
59,MO9,Mostyn,150m,14/04/2021,VS_GD,Y,0,0,1,1,0,0,0,0,0,mud,2,SJ1476382726,-3.281462,53.334556
60,MO10,Mostyn,150m,14/04/2021,AP_TE,Y,0,0,11,26,3,22,0,0,18,mud,2,SJ1431382876,-3.288258,53.335831
61,MO11,Mostyn,150m,14/04/2021,AP_TE,Y,0,0,43,72,4,31,3,26,48,mud,2,SJ1446382876,-3.286006,53.335856
62,MO12,Mostyn,150m,14/04/2021,VS_GD,Y,0,0,10,14,1,4,1,9,9,mud,2,SJ1461382876,-3.283754,53.335880
63,MO13,Mostyn,150m,14/04/2021,VS_GD,Y,0,0,17,6,2,4,0,0,0,mud,2,SJ1476382876,-3.281502,53.335904
64,MO14,Mostyn,150m,14/04/2021,AP_TE,Y,0,0,5,19,1,3,0,0,0,mud,2,SJ1401383026,-3.292803,53.337131
65,MO15,Mostyn,150m,14/04/2021,AP_TE,Y,0,0,5,17,2,15,0,0,0,mud,2,SJ1416383026,-3.290551,53.337155
66,MO16,Mostyn,150m,14/04/2021,AP_TE,Y,0,0,4,10,1,7,0,0,0,mud,2,SJ1431383026,-3.288299,53.337179
67,MO17,Mostyn,150m,14/04/2021,VS_GD,Y,0,0,29,44,1,8,0,0,0,sand,5,SJ1446383026,-3.286047,53.337204
68,MO18,Mostyn,150m,14/04/2021,VS_GD,Y,0,0,0,0,0,0,0,0,0,muddy_sand,3,SJ1461383026,-3.283795,53.337228
69,MO19,Mostyn,150m,14/04/2021,RD_RG,Y,0,0,2,9,2,15,0,0,0,sand,5,SJ1371383176,-3.297348,53.338430
70,MO20,Mostyn,150m,14/04/2021,AP_TE,Y,0,0,7,23,1,6,6,42,24,muddy_sand,3,SJ1401383176,-3.292844,53.338479
71,MO21,Mostyn,150m,14/04/2021,VS_GD,Y,0,0,8,16,1,6,0,0,0,sand,5,SJ1416383176,-3.290592,53.338503
72,MO22,Mostyn,150m,14/04/2021,VS_GD,Y,0,0,0,0,0,0,0,0,0,sand,5,SJ1431383176,-3.288340,53.338527
73,MO23,Mostyn,150m,14/04/2021,VS_GD,Y,0,0,1,1,0,0,0,0,0,sand,5,SJ1446383176,-3.286088,53.338552
74,MO24,Mostyn,150m,14/04/2021,VS_GD,Y,0,0,14,14,0,0,0,0,0,sand,5,SJ1461383176,-3.283835,53.338576
75,MO25,Mostyn,150m,14/04/2021,VS_GD,Y,0,0,1,1,0,0,0,0,0,sand,5,SJ1356383326,-3.299641,53.339753
76,MO26,Mostyn,150m,14/04/2021,VS_GD,Y,0,0,7,21,0,0,1,6,0,sand,5,SJ1401383326,-3.292885,53.339827
77,MO27,Mostyn,150m,14/04/2021,VS_GD,Y,0,0,0,0,2,6,0,0,0,sand,5,SJ1416383326,-3.290633,53.339851
78,MO28,Mostyn,150m,14/04/2021,VS_GD,Y,0,0,30,86,1,9,0,0,17,sand,5,SJ1431383326,-3.288380,53.339875
79,MO29,Mostyn,150m,14/04/2021,VS_GD,Y,0,0,6,4,2,6,1,9,9,sand,5,SJ1446383326,-3.286128,53.339900
80,MO30,Mostyn,150m,14/04/2021,VS_GD,Y,0,0,6,8,0,0,0,0,0,sand,5,SJ1461383326,-3.283876,53.339924
81,MO31,Mostyn,150m,14/04/2021,VS_GD,Y,0,0,9,20,0,0,5,37,32,sand,5,SJ1401383476,-3.292926,53.341175
82,MO32,Mostyn,150m,14/04/2021,VS_GD,Y,0,0,16,38,8,56,0,0,17,sand,5,SJ1416383476,-3.290673,53.341199
83,MO33,Mostyn,150m,14/04/2021,VS_GD,Y,0,0,4,7,6,25,4,37,37,sand,5,SJ1431383476,-3.288421,53.341223
84,MO34,Mostyn,150m,14/04/2021,VS_GD,Y,0,0,2,2,0,0,0,0,0,muddy_sand,3,SJ1446383476,-3.286169,53.341248
85,MO35,Mostyn,150m,14/04/2021,VS_GD,Y,0,0,21,52,6,42,0,0,7,muddy_sand,3,SJ1386383626,-3.295219,53.342498
86,MO36,Mostyn,150m,14/04/2021,VS_GD,Y,0,0,0,0,14,36,2,13,0,muddy_sand,3,SJ1401383626,-3.292966,53.342522
87,MO37,Mostyn,150m,14/04/2021,VS_GD,Y,0,0,0,0,3,6,1,5,0,muddy_sand,3,SJ1416383626,-3.290714,53.342547
88,MO38,Mostyn,150m,14/04/2021,VS_GD,Y,0,0,34,33,0,0,0,0,0,muddy_sand,3,SJ1431383626,-3.288462,53.342571
89,MO39,Mostyn,150m,14/04/2021,RD_RG,Y,0,0,1,1,0,0,0,0,0,sand,5,SJ1341383776,-3.302017,53.343772
90,MO40,Mostyn,150m,14/04/2021,RD_RG,Y,0,0,3,9,0,0,0,0,0,muddy_sand,3,SJ1356383776,-3.299764,53.343797
91,MO41,Mostyn,150m,14/04/2021,VS_GD,Y,0,0,7,16,0,0,0,0,0,muddy_sand,3,SJ1371383776,-3.297512,53.343821
92,MO42,Mostyn,150m,14/04/2021,RD_RG,Y,0,0,2,2,1,9,0,0,0,sand,5,SJ1386383776,-3.295260,53.343846
93,MO43,Mostyn,150m,14/04/2021,VS_GD,Y,0,0,16,49,0,0,8,55,19,sand,5,SJ1401383776,-3.293007,53.343870
94,MO44,Mostyn,150m,14/04/2021,RD_RG,Y,0,0,11,10,20,64,0,0,0,sand,5,SJ1416383776,-3.290755,53.343895
95,MO45,Mostyn,150m,14/04/2021,VS_GD,Y,0,0,3,5,1,3,2,13,0,muddy_sand,3,SJ1341383926,-3.302058,53.345120
96,MO46,Mostyn,150m,14/04/2021,RD_RG,Y,0,0,3,6,4,13,2,14,0,muddy_sand,3,SJ1356383926,-3.299805,53.345145
97,MO47,Mostyn,150m,14/04/2021,VS_GD,Y,0,0,4,21,1,9,0,0,0,sand,5,SJ1371383926,-3.297553,53.345169
98,MO48,Mostyn,150m,14/04/2021,RD_RG,Y,0,0,3,3,2,8,1,14,14,sand,5,SJ1386383926,-3.295300,53.345194
99,MO49,Mostyn,150m,14/04/2021,RD_RG,Y,0,0,10,23,2,16,0,0,10,sand,5,SJ1401383926,-3.293048,53.345218
100,MO50,Mostyn,150m,14/04/2021,RD_RG,Y,0,0,0,0,0,0,0,0,0,sand,5,SJ1416383926,-3.290795,53.345243
101,MD1,Mostyn Deep,150m,12/04/2021,AP_TE,Y,0,0,0,0,0,0,0,0,0,sand,5,SJ1655284873,-3.255179,53.354137
102,MD2,Mostyn Deep,150m,12/04/2021,AP_TE,Y,0,0,0,0,0,0,0,0,0,sand,5,SJ1670284873,-3.252926,53.354161
103,MD3,Mostyn Deep,150m,12/04/2021,VS,Y,0,0,0,0,0,0,0,0,0,sand,5,SJ1640285023,-3.257471,53.355461
104,MD4,Mostyn Deep,150m,12/04/2021,VS,Y,0,0,0,0,1,18,0,0,18,sand,5,SJ1655285023,-3.255218,53.355485
105,MD5,Mostyn Deep,150m,12/04/2021,AP_TE,Y,0,0,0,0,2,35,0,0,35,sand,5,SJ1625285173,-3.259764,53.356786
106,MD6,Mostyn Deep,150m,12/04/2021,AP_TE,Y,0,0,0,0,0,0,0,0,0,sand,5,SJ1640285173,-3.257511,53.356809
107,MD7,Mostyn Deep,150m,12/04/2021,AP_TE,Y,0,0,1,8,0,0,0,0,8,sand,5,SJ1625285323,-3.259804,53.358134
108,MD8,Mostyn Deep,150m,12/04/2021,AP_TE,Y,0,0,2,6,42,626,4,84,696,sand,5,SJ1610285473,-3.262097,53.359458
109,MD9,Mostyn Deep,150m,12/04/2021,AP_TE,N,,,,,,,,,,channel,7,SJ1580285623,-3.266643,53.360758
110,MD10,Mostyn Deep,150m,12/04/2021,VS,Y,0,0,5,57,65,1011,1,14,1065,sand,5,SJ1595285623,-3.264390,53.360782
111,MD11,Mostyn Deep,150m,12/04/2021,AP_TE,Y,0,0,0,0,24,411,6,122,534,sand,5,SJ1610285623,-3.262137,53.360806
112,MD12,Mostyn Deep,150m,12/04/2021,AP_TE,Y,0,0,1,11,6,95,1,13,110,sand,5,SJ1625285623,-3.259883,53.360829
113,MD13,Mostyn Deep,150m,12/04/2021,VS,Y,0,0,0,0,8,141,1,12,153,sand,5,SJ1565285773,-3.268937,53.362082
114,MD14,Mostyn Deep,150m,12/04/2021,VS,Y,0,0,0,0,9,149,0,0,141,sand,5,SJ1580285773,-3.266683,53.362106
115,MD15,Mostyn Deep,150m,12/04/2021,VS,Y,0,0,2,21,25,811,0,0,825,sand,5,SJ1595285773,-3.264430,53.362130
116,MD16,Mostyn Deep,150m,12/04/2021,VS,Y,0,0,1,4,18,317,4,67,368,sand,5,SJ1610285773,-3.262177,53.362154
117,MD17,Mostyn Deep,150m,12/04/2021,VS,Y,0,0,0,0,16,285,0,0,273,sand,5,SJ1625285773,-3.259923,53.362177
118,MD18,Mostyn Deep,150m,12/04/2021,VS,Y,0,0,0,0,39,738,15,310,1042,sand,5,SJ1550285923,-3.271230,53.363406
119,MD19,Mostyn Deep,150m,12/04/2021,VS,Y,0,0,1,12,46,849,1,21,979,sand,5,SJ1565285923,-3.268977,53.363430
120,MD20,Mostyn Deep,150m,12/04/2021,VS,Y,0,0,5,56,31,604,0,0,657,sand,5,SJ1580285923,-3.266723,53.363454
121,MD21,Mostyn Deep,150m,12/04/2021,VS,Y,0,0,0,0,21,410,0,0,410,sand,5,SJ1595285923,-3.264470,53.363478
122,MD22,Mostyn Deep,150m,12/04/2021,VS,Y,0,0,0,0,0,0,0,0,0,sand,5,SJ1610285923,-3.262216,53.363502
123,MD23,Mostyn Deep,150m,12/04/2021,VS,Y,0,0,0,0,17,330,0,0,331,sand,5,SJ1625285923,-3.259963,53.363525
124,MD24,Mostyn Deep,150m,12/04/2021,VS,Y,0,0,0,0,0,0,0,0,0,sand,5,SJ1640285923,-3.257709,53.363549
125,MD25,Mostyn Deep,150m,12/04/2021,VS,Y,0,0,0,0,0,0,0,0,0,sand,5,SJ1520286073,-3.275778,53.364706
126,MD26,Mostyn Deep,150m,12/04/2021,VS,Y,0,0,0,0,26,506,0,0,506,sand,5,SJ1535286073,-3.273524,53.364730
127,MD27,Mostyn Deep,150m,12/04/2021,VS,Y,0,0,0,0,5,91,0,0,91,sand,5,SJ1550286073,-3.271271,53.364754
128,MD28,Mostyn Deep,150m,12/04/2021,VS,Y,0,0,0,0,0,0,0,0,0,sand,5,SJ1610286073,-3.262256,53.364850
129,MD29,Mostyn Deep,150m,12/04/2021,VS,Y,0,0,0,0,0,0,0,0,0,sand,5,SJ1625286073,-3.260003,53.364873
130,boy1,No 3 Buoy,150m,13/04/2021,VS_GD,Y,0,0,0,0,5,49,0,0,12,sand,5,SJ1782980297,-3.234806,53.313213
131,boy2,No 3 Buoy,150m,13/04/2021,VS_GD,Y,0,0,6,20,28,218,0,0,116,muddy_sand,3,SJ1797980297,-3.232555,53.313236
132,boy3,No 3 Buoy,150m,13/04/2021,VS_GD,Y,0,0,2,1,0,0,0,0,0,muddy_sand,3,SJ1812980297,-3.230304,53.313260
133,boy4,No 3 Buoy,150m,13/04/2021,AP_TE,Y,0,0,0,0,109,814,0,0,308,muddy_sand,3,SJ1827980297,-3.228053,53.313283
134,boy5,No 3 Buoy,150m,13/04/2021,RD_RG,Y,0,0,1,1,158,1100,0,0,287,muddy_sand,3,SJ1767980447,-3.237095,53.314538
135,boy6,No 3 Buoy,150m,13/04/2021,VS_GD,Y,0,0,4,15,132,1001,0,0,238,sand,5,SJ1782980447,-3.234844,53.314561
136,boy7,No 3 Buoy,150m,13/04/2021,VS_GD,Y,0,0,2,2,0,0,0,0,0,muddy_sand,3,SJ1797980447,-3.232594,53.314584
137,boy8,No 3 Buoy,150m,13/04/2021,VS_GD,Y,0,0,0,0,3,19,0,0,10,muddy_sand,3,SJ1812980447,-3.230343,53.314608
138,boy9,No 3 Buoy,150m,13/04/2021,AP_TE,Y,0,0,1,1,37,270,0,0,78,mud,2,SJ1827980447,-3.228092,53.314631
139,boy10,No 3 Buoy,150m,13/04/2021,AP_TE,Y,0,0,17,26,24,208,0,0,109,muddy_sand,3,SJ1842980447,-3.225841,53.314654
140,boy11,No 3 Buoy,150m,13/04/2021,RD_RG,Y,0,0,4,5,5,49,0,0,33,muddy_sand,3,SJ1767980597,-3.237134,53.315886
141,boy12,No 3 Buoy,150m,13/04/2021,VS_GD,Y,0,0,4,5,3,28,0,0,20,sand,5,SJ1782980597,-3.234883,53.315909
142,boy13,No 3 Buoy,150m,13/04/2021,VS_GD,Y,0,0,4,5,0,0,1,8,8,muddy_sand,3,SJ1797980597,-3.232632,53.315932
143,boy14,No 3 Buoy,150m,13/04/2021,VS_GD,Y,0,0,5,5,12,97,0,0,67,muddy_sand,3,SJ1812980597,-3.230381,53.315956
144,boy15,No 3 Buoy,150m,13/04/2021,AP_TE,Y,0,0,1,1,2,14,0,0,0,mud,2,SJ1827980597,-3.228130,53.315979
145,boy16,No 3 Buoy,150m,13/04/2021,AP_TE,Y,0,0,2,2,8,68,0,0,9,fine_sand,4,SJ1842980597,-3.225879,53.316002
146,boy17,No 3 Buoy,150m,13/04/2021,RD_RG,Y,0,0,0,0,7,52,0,0,47,sand,5,SJ1752980747,-3.239424,53.317210
147,boy18,No 3 Buoy,150m,13/04/2021,RD_RG,Y,0,0,24,41,1,9,0,0,9,muddy_sand,3,SJ1767980747,-3.237173,53.317234
148,boy19,No 3 Buoy,150m,13/04/2021,VS_GD,Y,0,0,7,9,0,0,0,0,0,sand,5,SJ1782980747,-3.234922,53.317257
149,boy20,No 3 Buoy,150m,13/04/2021,VS_GD,Y,0,0,0,0,1,9,0,0,0,muddy_sand,3,SJ1797980747,-3.232671,53.317280
150,boy21,No 3 Buoy,150m,13/04/2021,VS_GD,Y,0,0,2,2,6,46,0,0,20,sand,5,SJ1812980747,-3.230420,53.317304
151,boy22,No 3 Buoy,150m,13/04/2021,AP_TE,Y,0,0,7,8,19,165,0,0,115,sand,5,SJ1827980747,-3.228169,53.317327
152,boy23,No 3 Buoy,150m,13/04/2021,AP_TE,Y,0,0,5,7,53,393,4,27,105,sand,5,SJ1842980747,-3.225918,53.317350
153,boy24,No 3 Buoy,150m,13/04/2021,AP_TE,Y,0,0,13,18,17,171,1,20,177,sand,5,SJ1857980747,-3.223667,53.317373
154,boy25,No 3 Buoy,150m,13/04/2021,RD_RG,Y,0,0,8,8,2,16,0,0,16,muddy_sand,3,SJ1752980897,-3.239464,53.318558
155,boy26,No 3 Buoy,150m,13/04/2021,RD_RG,Y,0,0,1,1,2,19,0,0,19,muddy_sand,3,SJ1767980897,-3.237212,53.318582
156,boy27,No 3 Buoy,150m,13/04/2021,VS_GD,Y,0,0,3,4,15,144,0,0,87,sand,5,SJ1782980897,-3.234961,53.318605
157,boy28,No 3 Buoy,150m,13/04/2021,AP_TE,Y,0,0,7,7,13,95,0,0,10,sand,5,SJ1797980897,-3.232710,53.318628
158,boy29,No 3 Buoy,150m,13/04/2021,VS_GD,Y,0,0,4,5,28,231,0,0,145,sand,5,SJ1812980897,-3.230459,53.318652
159,boy30,No 3 Buoy,150m,13/04/2021,AP_TE,Y,0,0,2,3,50,385,0,0,142,sand,5,SJ1827980897,-3.228208,53.318675
160,boy31,No 3 Buoy,150m,13/04/2021,AP_TE,Y,0,0,4,6,69,516,1,12,235,sand,5,SJ1842980897,-3.225957,53.318698
161,boy32,No 3 Buoy,150m,13/04/2021,AP_TE,Y,0,0,6,23,1,9,0,0,9,sand,5,SJ1857980897,-3.223705,53.318721
162,boy33,No 3 Buoy,150m,13/04/2021,AP_TE,Y,0,0,2,3,1,9,0,0,9,sand,5,SJ1872980897,-3.221454,53.318744
163,boy34,No 3 Buoy,150m,13/04/2021,RD_RG,Y,0,0,2,1,0,0,0,0,0,sand,5,SJ1737981047,-3.241754,53.319883
164,boy35,No 3 Buoy,150m,13/04/2021,RD_RG,Y,0,0,6,21,39,320,2,16,140,sand,5,SJ1752981047,-3.239503,53.319906
165,boy36,No 3 Buoy,150m,13/04/2021,RD_RG,Y,0,0,9,8,29,193,0,0,43,muddy_sand,3,SJ1767981047,-3.237251,53.319930
166,boy37,No 3 Buoy,150m,13/04/2021,VS_GD,Y,0,0,13,13,1,4,0,0,0,sand,5,SJ1782981047,-3.235000,53.319953
167,boy38,No 3 Buoy,150m,13/04/2021,VS_GD,Y,0,0,9,15,19,149,1,10,74,sand,5,SJ1797981047,-3.232749,53.319976
168,boy39,No 3 Buoy,150m,13/04/2021,VS_GD,Y,0,0,4,4,15,122,1,3,47,sand,5,SJ1812981047,-3.230498,53.320000
169,boy40,No 3 Buoy,150m,13/04/2021,AP_TE,Y,0,0,0,0,131,358,0,0,350,muddy_sand,3,SJ1827981047,-3.228247,53.320023
170,boy41,No 3 Buoy,150m,13/04/2021,AP_TE,Y,0,0,10,27,57,518,0,0,323,sand,5,SJ1842981047,-3.225995,53.320046
171,boy42,No 3 Buoy,150m,13/04/2021,AP_TE,Y,0,0,13,53,7,76,0,0,66,sand,5,SJ1857981047,-3.223744,53.320069
172,boy43,No 3 Buoy,150m,13/04/2021,AP_TE,Y,0,0,1,4,2,28,1,21,48,sand,5,SJ1872981047,-3.221493,53.320092
173,boy44,No 3 Buoy,150m,13/04/2021,AP_TE,Y,0,0,5,12,2,25,0,0,13,sand,5,SJ1887981047,-3.219242,53.320115
174,boy45,No 3 Buoy,150m,13/04/2021,RD_RG,Y,0,0,8,7,4,34,0,0,28,sand,5,SJ1737981197,-3.241793,53.321231
175,boy46,No 3 Buoy,150m,13/04/2021,RD_RG,Y,0,0,3,2,12,72,0,0,9,muddy_sand,3,SJ1752981197,-3.239542,53.321254
176,boy47,No 3 Buoy,150m,13/04/2021,RD_RG,Y,0,0,10,10,4,22,0,0,0,muddy_sand,3,SJ1767981197,-3.237290,53.321278
177,boy48,No 3 Buoy,150m,13/04/2021,VS_GD,Y,0,0,3,4,3,24,1,10,27,sand,5,SJ1782981197,-3.235039,53.321301
178,boy49,No 3 Buoy,150m,13/04/2021,VS_GD,Y,0,0,4,11,1,8,0,0,8,sand,5,SJ1797981197,-3.232788,53.321324
179,boy50,No 3 Buoy,150m,13/04/2021,VS_GD,Y,0,0,0,0,7,65,0,0,49,sand,5,SJ1812981197,-3.230537,53.321348
180,boy51,No 3 Buoy,150m,13/04/2021,AP_TE,Y,0,0,5,9,106,885,0,0,296,sand,5,SJ1827981197,-3.228285,53.321371
181,boy52,No 3 Buoy,150m,13/04/2021,AP_TE,Y,0,0,7,18,16,160,0,0,94,sand,5,SJ1842981197,-3.226034,53.321394
182,boy53,No 3 Buoy,150m,13/04/2021,AP_TE,Y,0,0,11,50,16,169,1,10,119,sand,5,SJ1857981197,-3.223783,53.321417
183,boy54,No 3 Buoy,150m,13/04/2021,AP_TE,Y,0,0,3,15,2,25,0,0,37,sand,5,SJ1872981197,-3.221531,53.321440
184,boy55,No 3 Buoy,150m,13/04/2021,AP_TE,Y,0,0,3,6,3,35,0,0,12,sand,5,SJ1887981197,-3.219280,53.321463
185,boy56,No 3 Buoy,150m,13/04/2021,AP_TE,Y,0,0,7,15,1,9,0,0,9,sand,5,SJ1752981347,-3.239581,53.322602
186,boy57,No 3 Buoy,150m,13/04/2021,RD_RG,Y,0,0,11,11,2,19,0,0,11,sand,5,SJ1767981347,-3.237329,53.322626
187,boy58,No 3 Buoy,150m,13/04/2021,VS_GD,Y,0,0,31,55,5,36,0,0,17,sand,5,SJ1782981347,-3.235078,53.322649
188,boy59,No 3 Buoy,150m,13/04/2021,VS_GD,Y,0,0,50,138,50,413,0,0,237,muddy_sand,3,SJ1797981347,-3.232827,53.322672
189,boy60,No 3 Buoy,150m,13/04/2021,VS_GD,Y,0,0,4,9,0,0,103,1053,685,muddy_sand,3,SJ1812981347,-3.230575,53.322696
190,boy61,No 3 Buoy,150m,13/04/2021,AP_TE,Y,0,0,5,14,6,42,0,0,42,sand,5,SJ1842981347,-3.226073,53.322742
191,boy62,No 3 Buoy,150m,13/04/2021,AP_TE,Y,0,0,7,19,11,91,0,0,75,sand,5,SJ1857981347,-3.223821,53.322765
192,boy63,No 3 Buoy,150m,13/04/2021,AP_TE,Y,0,0,4,5,5,58,0,0,50,sand,5,SJ1872981347,-3.221570,53.322788
193,boy64,No 3 Buoy,150m,13/04/2021,AP_TE,Y,0,0,2,4,6,67,0,0,52,sand,5,SJ1887981347,-3.219318,53.322811
194,SA1,Salisbury,150m,13/04/2021,RD_RG,Y,0,0,2,5,1,7,0,0,0,sand,5,SJ1711181427,-3.245882,53.323256
195,SA2,Salisbury,150m,13/04/2021,RD_RG,Y,0,0,0,0,0,0,0,0,0,sand,5,SJ1696181577,-3.248172,53.324580
196,SA3,Salisbury,150m,13/04/2021,RD_RG,Y,0,0,5,3,1,10,0,0,0,sand,5,SJ1711181577,-3.245921,53.324604
197,SA4,Salisbury,150m,13/04/2021,RD_RG,Y,0,0,2,1,0,0,0,0,0,sand,5,SJ1726181577,-3.243669,53.324627
198,SA5,Salisbury,150m,13/04/2021,RD_RG,Y,0,0,1,1,1,8,0,0,0,sand,5,SJ1741181577,-3.241418,53.324651
199,SA6,Salisbury,150m,13/04/2021,RD_RG,Y,0,0,0,0,0,0,0,0,0,sand,5,SJ1711181727,-3.245960,53.325952
200,SA7,Salisbury,150m,13/04/2021,RD_RG,Y,0,0,2,1,2,17,0,0,0,sand,5,SJ1726181727,-3.243709,53.325975
201,SA8,Salisbury,150m,13/04/2021,RD_RG,Y,0,0,2,1,1,7,0,0,0,sand,5,SJ1741181727,-3.241457,53.325999
202,SA9,Salisbury,150m,13/04/2021,RD_RG,Y,0,0,0,0,0,0,0,0,0,sand,5,SJ1726181877,-3.243748,53.327323
203,SA10,Salisbury,150m,13/04/2021,RD_RG,Y,0,0,15,34,3,30,0,0,37,sand,5,SJ1741181877,-3.241496,53.327347
204,SA11,Salisbury,150m,13/04/2021,RD_RG,Y,0,0,1,2,0,0,0,0,0,sand,5,SJ1741182027,-3.241535,53.328695
205,SM1,Salisbury Middle,150m,12/04/2021,AP_TE,Y,0,0,0,0,0,0,0,0,0,sand,5,SJ1679984997,-3.251502,53.355291
206,SM2,Salisbury Middle,150m,12/04/2021,AP_TE,Y,0,0,0,0,1,16,0,0,16,sand,5,SJ1694985147,-3.249289,53.356663
207,SM3,Salisbury Middle,150m,12/04/2021,AP_TE,Y,0,0,0,0,2,29,0,0,29,sand,5,SJ1709985147,-3.247036,53.356687
208,SM4,Salisbury Middle,150m,12/04/2021,RD_RG,Y,0,0,0,0,3,51,0,0,51,sand,5,SJ1724985147,-3.244782,53.356710
209,SM5,Salisbury Middle,150m,12/04/2021,RD_RG,Y,0,0,0,0,1,15,0,0,15,sand,5,SJ1739985147,-3.242529,53.356734
210,SM6,Salisbury Middle,150m,12/04/2021,AP_TE,Y,0,0,1,14,0,0,0,0,14,sand,5,SJ1754985147,-3.240276,53.356757
211,SM7,Salisbury Middle,150m,12/04/2021,RD_RG,Y,0,0,0,0,1,17,0,0,17,sand,5,SJ1679985297,-3.251581,53.357987
212,SM8,Salisbury Middle,150m,12/04/2021,RD_RG,Y,0,0,0,0,5,80,0,0,80,sand,5,SJ1694985297,-3.249328,53.358011
213,SM9,Salisbury Middle,150m,12/04/2021,AP_TE,Y,0,0,0,0,3,61,0,0,61,sand,5,SJ1709985297,-3.247075,53.358035
214,SM10,Salisbury Middle,150m,12/04/2021,AP_TE,Y,0,0,2,7,12,193,0,0,184,sand,5,SJ1724985297,-3.244822,53.358058
215,SM11,Salisbury Middle,150m,12/04/2021,AP_TE,Y,0,0,0,0,8,140,0,0,131,sand,5,SJ1739985297,-3.242569,53.358082
216,SM12,Salisbury Middle,150m,12/04/2021,RD_RG,Y,0,0,0,0,2,34,1,14,49,sand,5,SJ1754985297,-3.240315,53.358105
217,SM13,Salisbury Middle,150m,12/04/2021,RD_RG,Y,0,0,1,9,15,236,0,0,236,sand,5,SJ1724985447,-3.244861,53.359406
218,SM14,Salisbury Middle,150m,12/04/2021,RD_RG,Y,0,0,1,11,6,116,1,11,140,sand,5,SJ1739985447,-3.242608,53.359430
219,SM15,Salisbury Middle,150m,12/04/2021,RD_RG,Y,0,0,0,0,6,116,0,0,116,sand,5,SJ1754985447,-3.240354,53.359453
220,SM16,Salisbury Middle,150m,12/04/2021,RD_RG,Y,0,0,1,12,4,64,2,48,125,sand,5,SJ1769985447,-3.238101,53.359476
221,SM17,Salisbury Middle,150m,12/04/2021,RD_RG,Y,0,0,0,0,1,16,0,0,16,sand,5,SJ1784985447,-3.235848,53.359500
222,SM18,Salisbury Middle,150m,12/04/2021,RD_RG,Y,0,0,2,3,8,140,0,0,140,sand,5,SJ1709985597,-3.247154,53.360731
223,SM19,Salisbury Middle,150m,12/04/2021,RD_RG,Y,0,0,2,24,18,282,1,22,328,sand,5,SJ1724985597,-3.244900,53.360754
224,SM20,Salisbury Middle,150m,12/04/2021,RD_RG,Y,0,0,0,0,35,605,7,119,720,sand,5,SJ1739985597,-3.242647,53.360778
225,SM21,Salisbury Middle,150m,12/04/2021,RD_RG,Y,0,0,0,0,6,104,0,0,104,sand,5,SJ1754985597,-3.240394,53.360801
226,SM22,Salisbury Middle,150m,12/04/2021,RD_RG,Y,0,0,0,0,5,66,0,0,66,sand,5,SJ1769985597,-3.238140,53.360824
227,SM23,Salisbury Middle,150m,12/04/2021,RD_RG,Y,0,0,1,3,23,411,0,0,411,sand,5,SJ1784985597,-3.235887,53.360848
228,SM24,Salisbury Middle,150m,12/04/2021,RD_RG,Y,0,0,0,0,0,0,0,0,0,sand,5,SJ1799985597,-3.233634,53.360871
229,SM25,Salisbury Middle,150m,12/04/2021,RD_RG,Y,0,0,3,33,55,861,10,184,1081,muddy_sand,3,SJ1724985747,-3.244940,53.362102
230,SM26,Salisbury Middle,150m,12/04/2021,RD_RG,Y,0,0,0,0,33,526,3,52,560,sand,5,SJ1739985747,-3.242686,53.362126
231,SM27,Salisbury Middle,150m,12/04/2021,RD_RG,Y,0,0,0,0,19,375,0,0,375,sand,5,SJ1754985747,-3.240433,53.362149
232,SM28,Salisbury Middle,150m,12/04/2021,RD_RG,Y,0,0,1,2,21,370,0,0,372,sand,5,SJ1769985747,-3.238179,53.362172
233,SM29,Salisbury Middle,150m,12/04/2021,RD_RG,Y,0,0,3,17,17,291,1,9,291,sand,5,SJ1739985897,-3.242725,53.363473
234,SM30,Salisbury Middle,150m,12/04/2021,RD_RG,Y,0,0,0,0,31,540,0,0,540,sand,5,SJ1754985897,-3.240472,53.363497
235,SM31,Salisbury Middle,150m,12/04/2021,RD_RG,Y,0,0,0,0,5,82,0,0,82,sand,5,SJ1769985897,-3.238218,53.363520
236,SM32,Salisbury Middle,150m,12/04/2021,RD_RG,Y,0,0,3,35,27,506,4,80,621,sand,5,SJ1754986047,-3.240511,53.364845
237,SM33,Salisbury Middle,150m,12/04/2021,RD_RG,Y,0,0,0,0,20,337,0,0,321,sand,5,SJ1769986047,-3.238258,53.364868
238,SM34,Salisbury Middle,150m,12/04/2021,RD_RG,Y,0,0,1,4,11,208,0,0,208,sand,5,SJ1769986197,-3.238297,53.366216
239,TA4,Talacre,150m,14/04/2021,RD_RG,Y,0,0,0,0,0,0,0,0,0,sand,5,SJ1385884221,-3.295457,53.347845
240,TA5,Talacre,150m,14/04/2021,RD_RG,Y,0,0,7,29,1,6,0,0,0,muddy_sand,3,SJ1400884221,-3.293204,53.347870
241,TA8,Talacre,150m,14/04/2021,RD_RG,Y,0,0,8,10,0,0,0,0,0,muddy_sand,3,SJ1370884371,-3.297751,53.349169
242,TA12,Talacre,150m,14/04/2021,RD_RG,Y,0,0,12,29,1,4,5,34,16,muddy_sand,3,SJ1355884521,-3.300044,53.350492
243,TA13,Talacre,150m,14/04/2021,RD_RG,Y,0,0,10,38,20,126,8,68,53,muddy_sand,3,SJ1370884521,-3.297791,53.350517
244,TA17,Talacre,150m,14/04/2021,RD_RG,Y,0,0,0,0,23,72,2,18,10,sand,5,SJ1355884671,-3.300085,53.351840
245,TH1,Thurstaston,150m,16/04/2021,RD_ST,Y,0,0,2,7,0,0,0,0,0,sand,5,SJ2260181427,-3.163466,53.324084
246,TH2,Thurstaston,150m,16/04/2021,RD_ST,Y,0,0,0,0,0,0,0,0,0,sand,5,SJ2230181577,-3.168006,53.325388
247,TH3,Thurstaston,150m,16/04/2021,RD_ST,Y,0,0,4,21,0,0,0,0,0,sand,5,SJ2245181577,-3.165755,53.325410
248,TH4,Thurstaston,150m,16/04/2021,RD_ST,Y,0,0,48,216,0,0,0,0,72,muddy_sand,3,SJ2260181577,-3.163503,53.325432
249,TH5,Thurstaston,150m,16/04/2021,RD_ST,Y,0,0,1,2,0,0,0,0,0,sand,5,SJ2215181727,-3.170295,53.326714
250,TH6,Thurstaston,150m,16/04/2021,RD_ST,Y,0,0,3,5,0,0,0,0,0,sand,5,SJ2230181727,-3.168043,53.326736
251,TH7,Thurstaston,150m,16/04/2021,RD_ST,Y,0,0,2,1,0,0,0,0,0,sand,5,SJ2245181727,-3.165791,53.326758
252,TH8,Thurstaston,150m,16/04/2021,RD_ST,Y,0,0,1,3,0,0,0,0,0,muddy_sand,3,SJ2260181727,-3.163540,53.326780
253,TH9,Thurstaston,150m,16/04/2021,RD_ST,Y,0,0,13,53,0,0,0,0,0,muddy_sand,3,SJ2275181727,-3.161288,53.326802
254,TH10,Thurstaston,150m,16/04/2021,RD_ST,Y,0,0,0,0,1,11,0,0,11,sand,5,SJ2200181877,-3.172583,53.328040
255,TH11,Thurstaston,150m,16/04/2021,RD_ST,Y,0,0,5,32,0,0,0,0,0,sand,5,SJ2215181877,-3.170331,53.328062
256,TH12,Thurstaston,150m,16/04/2021,RD_ST,Y,0,0,15,57,1,18,0,0,18,sand,5,SJ2230181877,-3.168080,53.328084
257,TH13,Thurstaston,150m,16/04/2021,RD_ST,Y,0,0,6,16,0,0,0,0,0,sand,5,SJ2245181877,-3.165828,53.328106
258,TH14,Thurstaston,150m,16/04/2021,RD_ST,Y,0,0,0,0,0,0,0,0,0,muddy_sand,3,SJ2260181877,-3.163576,53.328128
259,TH15,Thurstaston,150m,16/04/2021,RD_ST,Y,0,0,2,10,0,0,0,0,0,sand,5,SJ2200182027,-3.172620,53.329388
260,TH16,Thurstaston,150m,16/04/2021,RD_ST,Y,0,0,2,8,1,9,0,0,9,sand,5,SJ2215182027,-3.170368,53.329410
261,TH17,Thurstaston,150m,16/04/2021,RD_ST,Y,0,0,9,34,1,5,0,0,0,sand,5,SJ2230182027,-3.168117,53.329432
262,TH18,Thurstaston,150m,16/04/2021,RD_ST,Y,0,0,0,0,0,0,0,0,0,mud,2,SJ2260182027,-3.163613,53.329476
263,TH19,Thurstaston,150m,16/04/2021,VS_GD,Y,0,0,0,0,0,0,0,0,0,fine_sand,4,SJ2185182177,-3.174909,53.330714
264,TH20,Thurstaston,150m,16/04/2021,VS_GD,Y,0,0,1,5,0,0,0,0,0,fine_sand,4,SJ2200182177,-3.172657,53.330736
265,TH21,Thurstaston,150m,16/04/2021,VS_GD,Y,0,0,5,19,0,0,0,0,0,muddy_sand,3,SJ2215182177,-3.170405,53.330758
266,TH22,Thurstaston,150m,16/04/2021,VS_GD,Y,0,0,0,0,0,0,0,0,0,muddy_sand,3,SJ2230182177,-3.168153,53.330780
267,TH23,Thurstaston,150m,16/04/2021,VS_GD,Y,0,0,5,16,0,0,0,0,0,fine_sand,4,SJ2200182327,-3.172694,53.332084
268,TH24,Thurstaston,150m,16/04/2021,VS_GD,Y,0,0,1,3,0,0,0,0,0,fine_sand,4,SJ2215182327,-3.170442,53.332106
269,TH25,Thurstaston,150m,16/04/2021,VS_GD,Y,0,0,0,0,0,0,0,0,0,muddy_sand,3,SJ2230182327,-3.168190,53.332128
270,TH26,Thurstaston,150m,16/04/2021,VS_GD,Y,0,0,1,1,0,0,0,0,0,muddy_sand,3,SJ2215182477,-3.170479,53.333454
271,TH27,Thurstaston,150m,16/04/2021,VS_GD,Y,0,0,5,11,2,11,0,0,0,muddy_sand,3,SJ2230182477,-3.168227,53.333476
272,TH28,Thurstaston,150m,16/04/2021,VS_GD,Y,0,0,0,0,0,0,0,0,0,muddy_sand,3,SJ2245182477,-3.165975,53.333498
273,TH29,Thurstaston,150m,16/04/2021,VS_GD,Y,0,0,11,27,1,5,0,0,0,fine_sand,4,SJ2260182477,-3.163723,53.333520
274,TH30,Thurstaston,150m,16/04/2021,VS_GD,Y,0,0,0,0,0,0,0,0,0,muddy_sand,3,SJ2200182627,-3.172768,53.334780
275,TH31,Thurstaston,150m,16/04/2021,VS_GD,Y,0,0,11,54,5,29,0,0,23,fine_sand,4,SJ2215182627,-3.170516,53.334802
276,TH32,Thurstaston,150m,16/04/2021,VS_GD,Y,0,0,1,3,1,4,0,0,0,fine_sand,4,SJ2230182627,-3.168264,53.334824
277,TH33,Thurstaston,150m,16/04/2021,VS_GD,Y,0,0,24,65,0,0,0,0,0,muddy_sand,3,SJ2245182627,-3.166012,53.334846
278,TH34,Thurstaston,150m,16/04/2021,VS_GD,Y,0,0,5,17,1,7,0,0,0,muddy_sand,3,SJ2260182627,-3.163760,53.334868
279,TH35,Thurstaston,150m,16/04/2021,VS_GD,Y,0,0,7,22,0,0,0,0,0,muddy_sand,3,SJ2275182627,-3.161508,53.334890
280,TH36,Thurstaston,150m,16/04/2021,VS_GD,Y,0,0,0,0,0,0,0,0,0,fine_sand,4,SJ2290182627,-3.159256,53.334912
281,TH37,Thurstaston,150m,16/04/2021,AP_TE,Y,0,0,1,3,0,0,0,0,0,sand,5,SJ2200182777,-3.172805,53.336128
282,TH38,Thurstaston,150m,16/04/2021,AP_TE,Y,0,0,4,11,0,0,0,0,0,sand,5,SJ2215182777,-3.170553,53.336150
283,TH39,Thurstaston,150m,16/04/2021,AP_TE,Y,0,0,13,41,0,0,0,0,0,sand,5,SJ2230182777,-3.168301,53.336172
284,TH40,Thurstaston,150m,16/04/2021,AP_TE,Y,0,0,67,193,2,18,0,0,18,fine_sand,4,SJ2245182777,-3.166049,53.336194
285,TH41,Thurstaston,150m,16/04/2021,AP_TE,Y,0,0,1,2,1,6,0,0,0,sand,5,SJ2260182777,-3.163797,53.336216
286,TH42,Thurstaston,150m,16/04/2021,AP_TE,Y,0,0,7,23,0,0,0,0,0,mud,2,SJ2275182777,-3.161544,53.336238
287,TH43,Thurstaston,150m,16/04/2021,AP_TE,Y,0,0,19,70,2,18,0,0,11,muddy_sand,3,SJ2290182777,-3.159292,53.336260
288,TH44,Thurstaston,150m,16/04/2021,AP_TE,Y,0,0,3,8,1,4,0,0,0,sand,5,SJ2200182927,-3.172842,53.337476
289,TH45,Thurstaston,150m,16/04/2021,AP_TE,Y,0,0,4,14,0,0,0,0,0,sand,5,SJ2215182927,-3.170590,53.337498
290,TH46,Thurstaston,150m,16/04/2021,AP_TE,Y,0,0,4,12,1,5,0,0,0,sand,5,SJ2230182927,-3.168338,53.337520
291,TH47,Thurstaston,150m,16/04/2021,AP_TE,Y,0,0,0,0,0,0,0,0,0,sand,5,SJ2245182927,-3.166085,53.337542
292,TH48,Thurstaston,150m,16/04/2021,AP_TE,Y,0,0,2,7,3,13,0,0,0,sand,5,SJ2260182927,-3.163833,53.337564
293,TH49,Thurstaston,150m,16/04/2021,AP_TE,Y,0,0,7,25,0,0,0,0,0,sand,5,SJ2200183077,-3.172879,53.338824
294,TH50,Thurstaston,150m,16/04/2021,AP_TE,Y,0,0,4,15,0,0,0,0,0,sand,5,SJ2215183077,-3.170627,53.338846
295,TH51,Thurstaston,150m,16/04/2021,AP_TE,Y,0,0,4,12,1,8,0,0,0,sand,5,SJ2230183077,-3.168375,53.338868
296,TH52,Thurstaston,150m,16/04/2021,AP_TE,Y,0,0,1,1,0,0,0,0,0,sand,5,SJ2245183077,-3.166122,53.338890
297,WK1,West Kirby,150m,15/04/2021,RD_ST,Y,0,0,0,0,0,0,0,0,0,mud,2,SJ2283783791,-3.160509,53.345362
298,WK2,West Kirby,150m,15/04/2021,RD_ST,Y,0,0,12,42,2,12,0,0,0,mud,2,SJ2253783941,-3.165051,53.346666
299,WK3,West Kirby,150m,15/04/2021,RD_ST,Y,0,0,42,131,0,0,0,0,0,mud,2,SJ2268783941,-3.162799,53.346688
300,WK4,West Kirby,150m,15/04/2021,RD_ST,Y,0,0,4,11,0,0,0,0,0,mud,2,SJ2238784091,-3.167341,53.347992
301,WK5,West Kirby,150m,15/04/2021,RD_ST,Y,0,0,7,20,5,24,1,11,11,mud,2,SJ2253784091,-3.165088,53.348014
302,WK6,West Kirby,150m,15/04/2021,RD_ST,Y,0,0,0,0,0,0,0,0,0,mud,2,SJ2223784241,-3.169631,53.349318
303,WK7,West Kirby,150m,15/04/2021,AP_TE,Y,0,0,14,54,5,46,0,0,40,mud,2,SJ2238784241,-3.167378,53.349340
304,WK8,West Kirby,150m,15/04/2021,RD_ST,Y,0,0,0,0,0,0,0,0,0,mud,2,SJ2223784391,-3.169667,53.350666
305,WK9,West Kirby,150m,15/04/2021,RD_ST,Y,0,0,0,0,0,0,0,0,0,mud,2,SJ2238784391,-3.167415,53.350688
306,WK10,West Kirby,150m,15/04/2021,AP_TE,Y,0,0,0,0,0,0,0,0,0,mud,2,SJ2118784541,-3.185475,53.351858
307,WK11,West Kirby,150m,15/04/2021,RD_ST,Y,0,0,0,0,0,0,0,0,0,mud,2,SJ2208784541,-3.171957,53.351992
308,WK12,West Kirby,150m,15/04/2021,RD_ST,Y,0,0,1,3,0,0,0,0,0,mud,2,SJ2223784541,-3.169704,53.352014
309,WK13,West Kirby,150m,15/04/2021,VS_GD,Y,0,0,266,969,3,32,0,0,32,muddy_sand,3,SJ2073784691,-3.192271,53.353139
310,WK14,West Kirby,150m,15/04/2021,VS_GD,Y,0,0,3,16,1,16,0,0,16,mud,2,SJ2088784691,-3.190018,53.353161
311,WK15,West Kirby,150m,15/04/2021,AP_TE,Y,0,0,1,3,0,0,0,0,0,mud,2,SJ2103784691,-3.187765,53.353184
312,WK16,West Kirby,150m,15/04/2021,AP_TE,Y,0,0,1,5,1,11,0,0,11,mud,2,SJ2118784691,-3.185512,53.353206
313,WK17,West Kirby,150m,15/04/2021,AP_TE,Y,0,0,0,0,0,0,0,0,0,mud,2,SJ2133784691,-3.183259,53.353229
314,WK18,West Kirby,150m,15/04/2021,RD_ST,Y,0,0,0,0,0,0,0,0,0,mud,2,SJ2193784691,-3.174247,53.353318
315,WK19,West Kirby,150m,15/04/2021,RD_ST,Y,0,0,0,0,0,0,0,0,0,mud,2,SJ2208784691,-3.171994,53.353340
316,WK20,West Kirby,150m,15/04/2021,VS_GD,Y,0,0,6,26,0,0,0,0,0,sand,5,SJ2058784841,-3.194562,53.354464
317,WK21,West Kirby,150m,15/04/2021,VS_GD,Y,0,0,193,781,16,74,0,0,0,muddy_sand,3,SJ2073784841,-3.192309,53.354487
318,WK22,West Kirby,150m,15/04/2021,VS_GD,Y,0,0,4,14,0,0,0,0,0,muddy_sand,3,SJ2088784841,-3.190056,53.354509
319,WK23,West Kirby,150m,15/04/2021,AP_TE,Y,0,0,0,0,93,445,0,0,18,muddy_sand,3,SJ2103784841,-3.187803,53.354532
320,WK24,West Kirby,150m,15/04/2021,AP_TE,Y,0,0,175,667,11,70,0,0,27,muddy_sand,3,SJ2118784841,-3.185550,53.354554
321,WK25,West Kirby,150m,15/04/2021,AP_TE,Y,0,0,67,252,0,0,0,0,0,mud,2,SJ2133784841,-3.183297,53.354577
322,WK26,West Kirby,150m,15/04/2021,AP_TE,Y,0,0,93,291,6,45,0,0,29,mud,2,SJ2148784841,-3.181044,53.354599
323,WK27,West Kirby,150m,15/04/2021,AP_TE,Y,0,0,76,224,1,9,0,0,0,mud,2,SJ2163784841,-3.178791,53.354621
324,WK28,West Kirby,150m,15/04/2021,AP_TE,Y,0,0,15,42,3,13,0,0,0,mud,2,SJ2178784841,-3.176538,53.354643
325,WK29,West Kirby,150m,15/04/2021,AP_TE,Y,0,0,7,18,0,0,0,0,0,mud,2,SJ2193784841,-3.174284,53.354666
326,WK30,West Kirby,150m,15/04/2021,VS_GD,Y,0,0,57,270,2,16,0,0,18,sand,5,SJ2058784991,-3.194600,53.355812
327,WK31,West Kirby,150m,15/04/2021,VS_GD,Y,0,0,77,305,1,8,0,0,0,muddy_sand,3,SJ2073784991,-3.192347,53.355835
328,WK32,West Kirby,150m,15/04/2021,VS_GD,Y,0,0,245,867,2,22,0,0,30,sand,5,SJ2088784991,-3.190094,53.355857
329,WK33,West Kirby,150m,15/04/2021,AP_TE,Y,0,0,156,508,1,8,0,0,8,muddy_sand,3,SJ2103784991,-3.187840,53.355880
330,WK34,West Kirby,150m,15/04/2021,AP_TE,Y,0,0,226,709,4,29,0,0,8,muddy_sand,3,SJ2118784991,-3.185587,53.355902
331,WK35,West Kirby,150m,15/04/2021,AP_TE,Y,0,0,146,397,1,7,0,0,0,muddy_sand,3,SJ2133784991,-3.183334,53.355925
332,WK36,West Kirby,150m,15/04/2021,AP_TE,Y,0,0,43,120,2,16,0,0,0,muddy_sand,3,SJ2148784991,-3.181081,53.355947
333,WK37,West Kirby,150m,15/04/2021,AP_TE,Y,0,0,27,67,1,6,0,0,0,muddy_sand,3,SJ2163784991,-3.178828,53.355969
334,WK38,West Kirby,150m,15/04/2021,AP_TE,Y,0,0,3,7,0,0,0,0,0,mud,2,SJ2178784991,-3.176575,53.355991
335,WK39,West Kirby,150m,15/04/2021,VS_GD,Y,0,0,4,17,0,0,0,0,0,sand,5,SJ2043785141,-3.196891,53.357138
336,WK40,West Kirby,150m,15/04/2021,VS_GD,Y,0,0,3,9,0,0,0,0,0,sand,5,SJ2058785141,-3.194638,53.357160
337,WK41,West Kirby,150m,15/04/2021,VS_GD,Y,0,0,19,62,1,9,0,0,9,sand,5,SJ2073785141,-3.192384,53.357183
338,WK42,West Kirby,150m,15/04/2021,VS_GD,Y,0,0,98,370,2,20,0,0,20,fine_sand,4,SJ2088785141,-3.190131,53.357205
339,WK43,West Kirby,150m,15/04/2021,AP_TE,Y,0,0,8,27,0,0,1,12,12,muddy_sand,3,SJ2103785141,-3.187878,53.357228
340,WK44,West Kirby,150m,15/04/2021,AP_TE,Y,0,0,67,204,0,0,0,0,0,mud,2,SJ2118785141,-3.185625,53.357250
341,WK45,West Kirby,150m,15/04/2021,AP_TE,Y,0,0,105,286,0,0,0,0,0,mud,2,SJ2133785141,-3.183371,53.357273
342,WK46,West Kirby,150m,15/04/2021,AP_TE,Y,0,0,23,70,6,18,0,0,0,muddy_sand,3,SJ2148785141,-3.181118,53.357295
343,WK47,West Kirby,150m,15/04/2021,VS_GD,Y,0,0,12,48,0,0,0,0,0,sand,5,SJ2043785291,-3.196929,53.358486
344,WK48,West Kirby,150m,15/04/2021,VS_GD,Y,0,0,19,81,1,1,0,0,0,muddy_sand,3,SJ2058785291,-3.194675,53.358508
345,WK49,West Kirby,150m,15/04/2021,VS_GD,Y,0,0,39,169,0,0,0,0,0,sand,5,SJ2073785291,-3.192422,53.358531
346,WK50,West Kirby,150m,15/04/2021,AP_TE,Y,0,0,1,5,0,0,0,0,0,mud,2,SJ2088785291,-3.190169,53.358553
347,WK51,West Kirby,150m,15/04/2021,AP_TE,Y,0,0,30,95,3,9,0,0,0,mud,2,SJ2103785291,-3.187915,53.358576
348,WK52,West Kirby,150m,15/04/2021,AP_TE,Y,0,0,20,60,0,0,0,0,0,mud,2,SJ2118785291,-3.185662,53.358598
349,WK53,West Kirby,150m,15/04/2021,AP_TE,Y,0,0,27,95,0,0,0,0,0,muddy_sand,3,SJ2133785291,-3.183409,53.358621
350,WK54,West Kirby,150m,15/04/2021,AP_TE,Y,0,0,7,18,2,5,0,0,0,muddy_sand,3,SJ2148785291,-3.181156,53.358643
351,WK55,West Kirby,150m,15/04/2021,VS_GD,Y,0,0,8,44,0,0,0,0,0,muddy_sand,3,SJ2028785441,-3.199220,53.359811
352,WK56,West Kirby,150m,15/04/2021,VS_GD,Y,0,0,3,7,42,215,0,0,0,sand,5,SJ2043785441,-3.196966,53.359834
353,WK57,West Kirby,150m,15/04/2021,VS_GD,Y,0,0,46,241,0,0,1,23,23,muddy_sand,3,SJ2058785441,-3.194713,53.359856
354,WK58,West Kirby,150m,15/04/2021,VS_GD,Y,0,0,97,421,2,22,0,0,22,sand,5,SJ2073785441,-3.192460,53.359879
355,WK59,West Kirby,150m,15/04/2021,VS_GD,Y,0,0,8,33,0,0,0,0,0,muddy_sand,3,SJ2088785441,-3.190206,53.359901
356,WK60,West Kirby,150m,15/04/2021,AP_TE,Y,0,0,73,257,0,0,0,0,0,mud,2,SJ2103785441,-3.187953,53.359924
357,WK61,West Kirby,150m,15/04/2021,AP_TE,Y,0,0,4,15,1,5,0,0,0,mud,2,SJ2118785441,-3.185700,53.359946
358,WK62,West Kirby,150m,15/04/2021,AP_TE,Y,0,0,12,35,0,0,0,0,0,mud,2,SJ2133785441,-3.183446,53.359969
359,WK63,West Kirby,150m,15/04/2021,VS_GD,Y,0,0,2,1,0,0,0,0,0,sand,5,SJ2013785591,-3.201511,53.361137
360,WK64,West Kirby,150m,15/04/2021,VS_GD,Y,0,0,4,5,31,170,0,0,0,muddy_sand,3,SJ2028785591,-3.199258,53.361159
361,WK65,West Kirby,150m,15/04/2021,VS_GD,Y,0,0,53,258,2,20,0,0,0,muddy_sand,3,SJ2043785591,-3.197004,53.361182
362,WK66,West Kirby,150m,15/04/2021,VS_GD,Y,0,0,3,4,16,73,0,0,0,sand,5,SJ2058785591,-3.194751,53.361204
363,WK67,West Kirby,150m,15/04/2021,VS_GD,Y,0,0,34,152,5,47,0,0,41,muddy_sand,3,SJ2073785591,-3.192497,53.361227
364,WK68,West Kirby,150m,15/04/2021,AP_TE,Y,0,0,18,77,0,0,0,0,18,muddy_sand,3,SJ2088785591,-3.190244,53.361249
365,WK69,West Kirby,150m,15/04/2021,AP_TE,Y,0,0,12,47,4,36,0,0,22,mud,2,SJ2103785591,-3.187990,53.361272
366,WK70,West Kirby,150m,15/04/2021,AP_TE,Y,0,0,0,0,1,8,0,0,0,mud,2,SJ2118785591,-3.185737,53.361294
367,WK71,West Kirby,150m,15/04/2021,AP_TE,Y,0,0,3,8,0,0,0,0,0,mud,2,SJ2133785591,-3.183484,53.361317
368,WK72,West Kirby,150m,15/04/2021,VS_GD,Y,0,0,1,5,0,0,0,0,0,sand,5,SJ2058785741,-3.194788,53.362552
369,WK73,West Kirby,150m,15/04/2021,VS_GD,Y,0,0,5,14,1,13,0,0,13,sand,5,SJ2073785741,-3.192535,53.362575
370,WK74,West Kirby,150m,15/04/2021,VS_GD,Y,0,0,8,74,0,0,0,0,0,muddy_sand,3,SJ2088785741,-3.190281,53.362597
371,WK75,West Kirby,150m,15/04/2021,AP_TE,Y,0,0,1,5,2,16,1,11,11,mud,2,SJ2103785741,-3.188028,53.362620
372,WK76,West Kirby,150m,15/04/2021,AP_TE,Y,0,0,20,63,4,26,0,0,8,mud,2,SJ2118785741,-3.185774,53.362642